<?xml version="1.0" encoding="UTF-8"?>
<!DOCTYPE hibernate-configuration SYSTEM "http://www.hibernate.org/dtd/hibernate-configuration-3.0.dtd">

<hibernate-configuration>

	<session-factory>
		<property name="hibernate.connection.driver_class">com.mysql.jdbc.Driver</property>
		<property name="hibernate.connection.url">jdbc:mysql://localhost:3306/trainreserv</property>
		<property name="hibernate.connection.username">root</property>
		<property name="hibernate.connection.password">S12345@idwesh#</property>
		<property name="hibernate.connection.pool_size">20</property>
		<property name="show_sql">true</property>
		<property name="hibernate.dialect">org.hibernate.dialect.MySQL8Dialect</property>
		<property name="hibernate.hbm2ddl.auto">update</property>
		<mapping class="com.sid.model.User" />
		<mapping class="com.sid.model.Train" />
		<mapping class="com.sid.model.Ticket" />
	</session-factory>
</hibernate-configuration>